episode,reward,loss,lap_completed,lap_time
1,208.05219008434605,21.427156448364258,0,
2,487.5255098997031,24.90673065185547,0,
3,-178.0635052214885,16.40291976928711,0,
4,345.49810323534456,20.60249900817871,0,
5,-241.64613582543242,15.187413215637207,0,
6,-17.11777354383852,17.57398223876953,0,
7,-206.71296971979737,15.629332542419434,0,
8,16.22875880387598,18.75212287902832,0,
9,92.83671446174168,18.76603889465332,0,
10,-224.69484538184432,15.474089622497559,0,
11,-60.1811561184631,16.683273315429688,0,
12,-410.9713099077934,12.880402565002441,0,
13,126.93151749426593,19.738431930541992,0,
14,447.0319491028007,21.536792755126953,0,
15,-141.58532313525885,16.921886444091797,0,
16,-224.7805357240299,15.150845527648926,0,
17,337.6158136670508,20.415422439575195,0,
18,185.32181285950256,19.85384750366211,0,
19,122.84364179081123,19.802915573120117,0,
20,95.10487518905198,18.279701232910156,0,
21,499.87113528954836,23.611957550048828,0,
22,245.50251434767364,19.804149627685547,0,
23,1358.6534207657603,33.06745147705078,0,
24,20.60219395008768,16.960689544677734,0,
25,756.7546876940047,24.645496368408203,0,
26,-312.46151373563373,14.537568092346191,0,
27,653.6644311453281,26.330341339111328,0,
28,179.38396496931523,19.7346134185791,0,
29,-200.40966343864147,15.156545639038086,0,
30,-396.52951470149975,13.867392539978027,0,
31,-82.65941108177707,16.447315216064453,0,
32,174.90556303331607,18.763322830200195,0,
33,510.47548569658494,23.64313507080078,0,
34,-142.3378175837112,15.874293327331543,0,
35,177.96639633380752,19.133922576904297,0,
36,-207.89614477216043,15.12484073638916,0,
37,193.24379024159472,19.044986724853516,0,
38,-105.94242340021172,15.979873657226562,0,
39,-75.55243925420928,17.279340744018555,0,
40,-27.843568866807022,15.650256156921387,0,
41,-470.96343311102413,12.27999210357666,0,
42,680.7743709722447,24.453001022338867,0,
43,231.30587182383042,20.308744430541992,0,
44,-129.0941665597603,15.71213436126709,0,
45,-365.4849826204033,13.397263526916504,0,
46,361.47676088117623,21.170917510986328,0,
47,-197.17986104359463,14.542707443237305,0,
48,-456.44620082942487,12.323203086853027,0,
49,-27.575167369878784,17.61455726623535,0,
50,521.2796835786702,22.903793334960938,0,
51,-106.84293425838713,15.228160858154297,0,
52,598.2296687031605,25.026988983154297,0,
53,-192.33907526096928,14.362228393554688,0,
54,-240.26456856112702,13.742438316345215,0,
55,518.6328090020888,23.42536735534668,0,
56,420.42584852531803,22.819198608398438,0,
57,-431.4784939647313,11.76022720336914,0,
58,-206.20407752319113,14.415559768676758,0,
59,-501.21656205661174,12.028233528137207,0,
60,411.7949080051151,20.163471221923828,0,
61,-140.64660821594464,15.932066917419434,0,
62,-495.5999288269898,11.759380340576172,0,
63,-55.26488415903318,15.445157051086426,0,
64,-574.9156348881585,11.419561386108398,0,
65,255.63472973287162,18.992645263671875,0,
66,-315.6065904904248,13.86845588684082,0,
67,-258.19821631222527,13.965371131896973,0,
68,121.38538970862261,17.330289840698242,0,
69,300.2757879950952,20.944965362548828,0,
70,-413.76420501503884,13.658296585083008,0,
71,-509.1386400683282,11.776839256286621,0,
72,434.93630486060187,21.996620178222656,0,
73,583.4897219926448,23.499732971191406,0,
74,-10.807044317729874,16.941360473632812,0,
75,-243.99390036547973,13.864662170410156,0,
76,185.06609151872604,18.377138137817383,0,
77,-545.4069370195273,10.829557418823242,0,
78,-370.6212176810997,11.9690580368042,0,
79,-25.47980891347235,15.189616203308105,0,
80,-154.3705270829786,15.679187774658203,0,
81,-10.64069516102942,16.640649795532227,0,
82,-245.15583204562893,12.939650535583496,0,
83,-523.2807213017097,10.571215629577637,0,
84,-394.1720393518942,11.809327125549316,0,
85,265.80349544617314,19.435056686401367,0,
86,359.30351400432727,17.792922973632812,0,
87,166.93582706357105,16.90500831604004,0,
88,90.95395376437082,17.321718215942383,0,
89,-539.8818313623016,9.893510818481445,0,
90,208.72644523026,16.42483901977539,0,
91,-69.00328261060386,14.518983840942383,0,
92,-102.81677833528148,14.659210205078125,0,
93,-518.3556111921495,10.087113380432129,0,
94,87.74840661223944,15.57843017578125,0,
95,-538.3779271940714,10.259201049804688,0,
96,751.5096622164566,23.030298233032227,0,
97,268.1564417774614,17.00937843322754,0,
98,-11.496270393600716,14.29961109161377,0,
99,247.61382046184016,28.37738609313965,0,
100,-55.73651564700516,13.602896690368652,0,
101,423.87295387897007,18.336000442504883,0,
102,-246.52752666558936,11.854333877563477,0,
103,553.1512417689784,20.934179306030273,0,
104,479.14133776488643,18.621768951416016,0,
105,-23.018245192017094,14.554057121276855,0,
106,400.4494883534285,19.1218204498291,0,
107,-0.5782541462430537,15.780123710632324,0,
108,409.95258606609997,18.979021072387695,0,
109,-340.4813453586683,11.124296188354492,0,
110,684.2578932912684,20.930683135986328,0,
111,563.9484017573842,19.946170806884766,0,
112,-176.28768592347743,12.422394752502441,0,
113,-302.23009635863593,11.809273719787598,0,
114,-12.929859877613081,13.70042610168457,0,
115,-29.477815733245414,13.263778686523438,0,
116,-126.33128865129207,12.922491073608398,0,
117,-70.88574714662528,14.300830841064453,0,
118,301.224929603323,16.218441009521484,0,
119,-166.0707898679058,12.21254825592041,0,
120,154.59932917428873,15.64555549621582,0,
121,67.92506171427257,14.146044731140137,0,
122,-583.9083018149696,8.036173820495605,0,
123,361.6740543589991,17.175140380859375,0,
124,214.7483705795719,15.779199600219727,0,
125,-137.75019619901732,12.211318016052246,0,
126,-376.1887743617202,9.880918502807617,0,
127,160.60603182952462,14.486605644226074,0,
128,537.4543517400366,17.268892288208008,0,
129,340.8659470831719,17.83632469177246,0,
130,323.59308603537534,16.641525268554688,0,
131,669.1650555971123,19.167871475219727,0,
132,-385.2933702725928,9.410619735717773,0,
133,316.1309976938001,16.470355987548828,0,
134,239.482607191826,15.933370590209961,0,
135,-65.34695811195019,11.9801025390625,0,
136,-176.99256164030112,11.993128776550293,0,
137,803.373748847881,18.81654167175293,0,
138,134.31661950528348,14.005846977233887,0,
139,387.6378221456573,29.771787643432617,0,
140,432.5355467422499,17.903154373168945,0,
141,55.95973543231741,12.40095329284668,0,
142,226.3838975273115,13.898337364196777,0,
143,266.5058684664591,13.910715103149414,0,
144,-315.039732240265,9.325467109680176,0,
145,-311.7310839869569,10.124704360961914,0,
146,261.7436507384372,13.562728881835938,0,
147,419.6213672123168,16.47926139831543,0,
148,272.1096887923894,14.62179946899414,0,
149,243.3290629814097,21.143272399902344,0,
150,-385.4655146171582,8.859902381896973,0,
151,-8.925453000181781,11.440702438354492,0,
152,-117.70625221707074,10.889492988586426,0,
153,396.4951809064889,14.299592971801758,0,
154,24.520838411313253,11.950684547424316,0,
155,663.9666744815352,18.328201293945312,0,
156,807.0864425731368,18.004661560058594,0,
157,205.22985107630598,13.909086227416992,0,
158,140.51254642720028,11.983750343322754,0,
159,384.8837207920753,13.433650016784668,0,
160,628.8370884659222,17.69475555419922,0,
161,245.12206324470614,12.709659576416016,0,
162,55.1067668801818,10.728748321533203,0,
163,-175.83477535705887,10.395255088806152,0,
164,382.48186884625704,14.418008804321289,0,
165,282.05977407508897,11.949889183044434,0,
166,1291.2970850928339,21.76154327392578,0,
167,-10.195493526569907,11.419625282287598,0,
168,-311.5778005316714,8.264904975891113,0,
169,-176.00464280415642,8.678739547729492,0,
170,919.1010392010869,16.559633255004883,0,
171,1167.1295157830064,17.93726348876953,0,
172,32.812857472338166,11.812284469604492,0,
173,-179.6247187410187,10.65291976928711,0,
174,214.25305754856126,12.602912902832031,0,
175,73.73704774533346,10.824226379394531,0,
176,1466.0801833346463,18.945056915283203,0,
177,430.614923878792,12.36370849609375,0,
178,1021.026991776477,15.282551765441895,0,
179,1191.861457205413,19.343704223632812,0,
180,170.6008186393781,12.664403915405273,0,
181,1120.5333432755992,16.604612350463867,0,
182,-13.062756555250884,10.021295547485352,0,
183,1241.6551159494948,25.341846466064453,0,
184,1288.9604948450306,19.927875518798828,0,
185,858.8451807047894,15.023114204406738,0,
186,385.0527842304374,21.37672996520996,0,
187,680.960266816491,14.092874526977539,0,
188,786.4502644851333,18.105920791625977,0,
189,1540.1487806194548,20.38295555114746,0,
190,501.25495195097955,15.501022338867188,0,
191,381.70649032055985,15.180703163146973,0,
192,300.72720649360366,13.893569946289062,0,
193,242.29750812461077,14.867290496826172,0,
194,397.2028752397743,14.674354553222656,0,
195,240.9212763320708,14.397872924804688,0,
196,1199.1999055909614,27.81694984436035,0,
197,423.7346025442293,25.467544555664062,0,
198,376.9931546189685,20.316822052001953,0,
199,674.2491177145321,16.727041244506836,0,
200,312.6733133151061,21.072019577026367,0,
201,242.37413339489868,13.617302894592285,0,
202,244.96090273115993,13.379127502441406,0,
203,499.1457838801137,29.21392250061035,0,
204,695.7626591726452,25.964088439941406,0,
205,755.2500053967719,22.30396842956543,0,
206,744.8504573055278,23.073461532592773,0,
207,470.96613729211464,29.174240112304688,0,
208,436.16562954745274,29.495019912719727,0,
209,588.321839475643,31.284555435180664,0,
210,184.21442194696252,35.71800994873047,0,
211,125.75924470497733,35.837730407714844,0,
212,261.28783549273203,42.43499755859375,0,
213,147.10671193645035,36.04380416870117,0,
214,-90.94043584711143,42.341522216796875,0,
215,81.08340691369835,47.18528747558594,0,
216,-21.70242243691945,49.65737533569336,0,
217,220.3229059217165,34.837154388427734,0,
218,187.0438547290531,42.81599426269531,0,
219,-3.3599381933510477,55.3006591796875,0,
220,-26.64615885411673,63.874874114990234,0,
221,69.27047948564083,49.05317687988281,0,
222,4.65167561157398,64.5640640258789,0,
223,88.15686296317928,36.3107795715332,0,
224,-8.21974615900231,61.79103088378906,0,
225,-5.849551464075862,52.955604553222656,0,
226,45.66919853348855,58.05459976196289,0,
227,-162.09776435313015,40.087684631347656,0,
228,-174.26411776396182,41.148719787597656,0,
229,8.163971069158462,50.40370178222656,0,
230,24.55936668054122,65.2640151977539,0,
231,23.58910796255239,55.331668853759766,0,
232,-6.347835767790553,51.35515213012695,0,
233,-0.38491389193331527,61.548648834228516,0,
234,-0.9365144069340798,59.93450164794922,0,
235,-97.62716309098275,52.78159713745117,0,
236,64.30125515173647,82.58811950683594,0,
237,-12.59899807314507,67.93046569824219,0,
238,15.645532992721773,67.6143569946289,0,
239,61.56688578311287,59.08668518066406,0,
240,1.862744679515578,51.034950256347656,0,
241,8.222709364269853,66.4556884765625,0,
242,-165.9321150198811,50.6230354309082,0,
243,-12.317157261840274,72.06676483154297,0,
244,-72.88370897539016,61.02936553955078,0,
245,141.18450773292238,63.794498443603516,0,
246,-26.99673867653892,55.633724212646484,0,
247,-44.7411008761878,53.7496337890625,0,
248,8.925271938643343,54.760597229003906,0,
249,-52.62300873406939,56.841129302978516,0,
250,180.1985528846929,110.92772674560547,0,
251,-43.90118779299404,50.644920349121094,0,
252,-68.06478750001948,56.627899169921875,0,
253,-15.06400959426324,63.91144943237305,0,
254,18.006154247594573,73.90379333496094,0,
255,-16.81586031014828,63.344783782958984,0,
256,-248.5220887017709,44.08643341064453,0,
257,101.40716613285288,92.81117248535156,0,
258,5.8369973083678,65.57788848876953,0,
259,63.93085618947173,71.07544708251953,0,
260,163.12104788232395,85.9549789428711,0,
261,61.40837557432938,67.27838897705078,0,
262,32.39906725243572,72.72372436523438,0,
263,16.684416005643985,68.30512237548828,0,
264,65.13238127810357,91.41900634765625,0,
265,60.48873687143004,81.22605895996094,0,
266,-22.96332895582379,63.065189361572266,0,
267,16.32704210436053,70.97173309326172,0,
268,-44.44368881752671,61.9608154296875,0,
269,-0.5135399323410762,73.97410583496094,0,
270,-10.184351994283817,62.89560317993164,0,
271,63.074227092454635,67.20549011230469,0,
272,21.599961029945696,74.56159210205078,0,
273,38.299802242161434,73.42579650878906,0,
274,0.5869131294455611,67.05343627929688,0,
275,-199.01377984487672,51.610042572021484,0,
276,160.9574382953629,99.91877746582031,0,
277,151.603345594443,85.72293090820312,0,
278,-34.38792400017119,65.95570373535156,0,
279,541.6617883231055,243.04544067382812,0,
280,12.650439986591259,68.9739990234375,0,
281,14.258128053066152,69.02225494384766,0,
282,-21.525429906772814,52.72315979003906,0,
283,981.4654283658826,610.003173828125,0,
284,-38.29489693376769,53.6596794128418,0,
285,-67.03475963256535,51.28197479248047,0,
286,449.50359202626265,208.76434326171875,0,
287,48.38344814030829,65.82469940185547,0,
288,340.22092907395324,182.1860809326172,0,
289,232.3683196808609,115.29301452636719,0,
290,-194.85378221496748,35.19693374633789,0,
291,579.1386755908337,354.952392578125,0,
292,371.2363009865371,295.3865661621094,0,
293,472.56608091928246,195.77822875976562,0,
294,97.73150568085815,78.53115844726562,0,
295,-56.103918924036364,48.55112838745117,0,
296,112.1518676786902,92.92235565185547,0,
297,306.37514393361835,242.83749389648438,0,
298,201.17841353590578,97.6341323852539,0,
299,486.36076810490044,299.8156433105469,0,
300,318.80071410223644,119.99046325683594,0,
301,327.8771424159752,201.4866180419922,0,
302,327.55148947851774,222.22763061523438,0,
303,326.05350436776394,202.9738311767578,0,
304,167.34260985033362,99.10160827636719,0,
305,-44.94402960408357,61.01707077026367,0,
306,222.76651331763532,117.93807983398438,0,
307,237.21311817064498,166.99417114257812,0,
308,103.75333587018862,82.37604522705078,0,
309,268.94208694155645,130.6888427734375,0,
310,302.4235450149499,178.65628051757812,0,
311,298.4300864378688,202.36476135253906,0,
312,380.9629598543219,291.6435546875,0,
313,428.68026753333845,242.38531494140625,0,
314,248.55160051333525,148.7957305908203,0,
315,251.177262197443,143.4545440673828,0,
316,294.8022190824713,228.28506469726562,0,
317,272.1297886788148,210.778564453125,0,
318,79.04725632711269,92.0685806274414,0,
319,347.9851470174457,282.8929443359375,0,
320,219.45831663930707,124.91468048095703,0,
321,140.3818031788608,116.6935806274414,0,
322,460.68346495804,281.6233825683594,0,
323,-31.35372012006502,64.74276733398438,0,
324,192.2638840880436,108.04945373535156,0,
325,540.2797231545212,170.28933715820312,0,
326,265.3419154511532,131.10203552246094,0,
327,32.94246652526732,67.09115600585938,0,
328,287.57656919670904,225.96775817871094,0,
329,29.74341201980477,80.26473999023438,0,
330,217.72564349873235,165.14108276367188,0,
331,221.70380872318182,174.5290069580078,0,
332,252.10324119596027,139.85951232910156,0,
333,123.80624544771183,104.23501586914062,0,
334,115.83485832767495,95.6734619140625,0,
335,246.80158270351285,184.15892028808594,0,
336,172.7539028694023,95.73509216308594,0,
337,234.10727716326423,103.32931518554688,0,
338,242.52041221087072,191.48672485351562,0,
339,354.7337358676617,216.2235565185547,0,
340,279.78801744666373,197.34922790527344,0,
341,237.06882744856892,174.7333526611328,0,
342,229.95490847212162,136.6692352294922,0,
343,141.32549132985642,164.19863891601562,0,
344,352.42286586824315,195.17247009277344,0,
345,329.94482902989415,159.71351623535156,0,
346,245.370032917966,49.9409294128418,0,
347,93.0490554118717,89.10553741455078,0,
348,206.27692759420813,134.3854522705078,0,
349,486.8918259224179,339.03607177734375,0,
350,43.89363260193703,105.12252044677734,0,
351,198.25108764826354,123.89563751220703,0,
352,140.7438876071066,78.59139251708984,0,
353,347.2858630726389,196.5912322998047,0,
354,190.87657309220123,137.3626708984375,0,
355,481.22326929077116,246.6555938720703,0,
356,112.18024333207377,124.50653839111328,0,
357,498.6294659938464,189.60487365722656,0,
358,272.5785357455843,136.83050537109375,0,
359,302.43035442905966,163.84548950195312,0,
360,61.136061551533075,83.76067352294922,0,
361,262.63577442716286,122.33934020996094,0,
362,389.05075615821676,244.28677368164062,0,
363,166.82014814664748,92.27317810058594,0,
364,297.6663545900682,193.42657470703125,0,
365,461.57392919165034,267.5629577636719,0,
366,267.67934708791194,162.6078338623047,0,
367,322.7247052232141,201.1612548828125,0,
368,-3.9801528933720363,99.32279205322266,0,
369,258.7835025159369,170.9617462158203,0,
370,319.3437919882715,173.92921447753906,0,
371,234.71990312121977,143.10272216796875,0,
372,69.38895443959332,97.6750717163086,0,
373,341.75585314338394,187.67935180664062,0,
374,327.12407120600056,160.61941528320312,0,
375,159.38175656743553,68.52294921875,0,
376,407.4038654350945,162.29591369628906,0,
377,63.96525182032516,101.0668716430664,0,
378,409.46763098222505,160.55039978027344,0,
379,307.0178113079461,139.91281127929688,0,
380,-63.02872948305287,42.48112487792969,0,
381,565.2341469500833,240.14161682128906,0,
382,221.0654076598673,82.02479553222656,0,
383,335.1987882527124,168.56973266601562,0,
384,237.46391622980624,124.8062515258789,0,
385,759.4209131178825,97.28343200683594,0,
386,707.6870098322655,118.57157897949219,0,
387,264.8663229051946,139.17945861816406,0,
388,274.3648326710459,127.5171890258789,0,
389,574.6193218300903,118.78418731689453,0,
390,132.55387720258835,117.29852294921875,0,
391,363.29898102362444,196.41270446777344,0,
392,317.79473251116167,188.11868286132812,0,
393,317.13550085794543,135.6082763671875,0,
394,313.62557983168557,136.46328735351562,0,
395,225.51686288333335,132.30487060546875,0,
396,175.64761886685665,81.49886322021484,0,
397,274.5670340086926,150.0822296142578,0,
398,417.96576797194973,191.61170959472656,0,
399,159.89198742958047,82.47193145751953,0,
400,214.86523210148067,114.36334991455078,0,
401,253.5176309647963,145.0658416748047,0,
402,448.90236179600225,255.67681884765625,0,
403,332.45708515954817,181.6494598388672,0,
404,428.3483109629192,203.4291534423828,0,
405,292.04720808772225,108.1512680053711,0,
406,269.3340024313682,137.2548065185547,0,
407,308.16461413964754,149.00527954101562,0,
408,-89.00266972157462,71.4128646850586,0,
409,363.3189984175181,196.22547912597656,0,
410,430.76740529096077,180.0963134765625,0,
411,214.46134718508736,114.37799835205078,0,
412,422.40841950447447,177.48403930664062,0,
413,232.59256299838705,110.72024536132812,0,
414,320.6699846309055,175.0502166748047,0,
415,186.7190101820426,101.9201889038086,0,
416,364.53420213859795,96.51254272460938,0,
417,388.68675568032177,176.001220703125,0,
418,293.04984408112335,126.46134185791016,0,
419,286.9662456488785,112.11839294433594,0,
420,202.98120800600404,129.03260803222656,0,
421,492.9425813381344,79.26145935058594,0,
422,228.14691659375035,132.0663604736328,0,
423,531.6496848748907,72.92632293701172,0,
424,309.5390948165511,158.0216064453125,0,
425,275.197871118197,142.1490478515625,0,
426,1344.7460540325694,442.424560546875,0,
427,904.8019243468513,98.732177734375,0,
428,216.02141312572007,86.34449005126953,0,
429,-60.386904507133586,54.96611404418945,0,
430,449.93033972000467,83.06196594238281,0,
431,196.10635997176945,121.51776123046875,0,
432,-119.0029116292421,33.60478591918945,0,
433,484.15404789229666,91.40985870361328,0,
434,86.20646374807971,90.88258361816406,0,
435,43.86784456402515,54.20707321166992,0,
436,-76.27097561823165,70.4242935180664,0,
437,148.01835714516372,110.7352523803711,0,
438,50.00295630452783,66.80803680419922,0,
439,374.12746799337276,129.31448364257812,0,
440,791.2220626500389,107.05919647216797,0,
441,283.40577581344803,133.22642517089844,0,
442,285.5474042550801,155.4933624267578,0,
443,252.22618348411365,135.96926879882812,0,
444,233.36676098215534,75.93215942382812,0,
445,167.22868686255202,51.71060562133789,0,
446,157.12596073658193,106.63628387451172,0,
447,-148.14261702623364,69.65987396240234,0,
448,-187.67808559230514,54.2717399597168,0,
449,233.16746726063533,121.55224609375,0,
450,291.3387912752311,125.9551010131836,0,
451,244.10259842984925,101.98228454589844,0,
452,151.9684704140303,113.3570327758789,0,
453,283.894595876885,134.2149658203125,0,
454,1093.2591834129069,855.1415405273438,0,
455,663.0172431489235,1422.1728515625,0,
456,1086.5054269222526,493.9324645996094,0,
457,259.26843703267747,124.53749084472656,0,
458,1191.851095261644,2929.17236328125,0,
459,983.4786986350347,2042.66015625,0,
460,1166.063484973127,1912.3563232421875,0,
461,223.841183251885,91.77413177490234,0,
462,1082.891510748744,2928.345703125,0,
463,1253.3137018305874,982.0293579101562,0,
464,-310.24657049837407,29.11414337158203,0,
465,1308.2459601133603,2771.032470703125,0,
466,-329.3755347104409,31.288352966308594,0,
467,-344.67281929633845,29.276010513305664,0,
468,1363.686429154914,4157.8271484375,0,
469,-185.50809174626517,37.7397346496582,0,
470,-462.5644152288417,26.663150787353516,0,
471,-329.59574981151025,35.848697662353516,0,
472,1305.2576346868027,3601.6474609375,0,
473,-297.34663320478603,25.62530517578125,0,
474,-309.65051137851634,23.669649124145508,0,
475,-344.43200938703666,34.77424240112305,0,
476,-305.62870331639095,33.53278732299805,0,
477,-327.50432107733207,25.35866928100586,0,
478,1261.5366323984942,2065.135986328125,0,
479,812.0431825927714,607.8778076171875,0,
480,1300.009770645561,595.0037231445312,0,
481,1395.9574306306642,4108.92138671875,0,
482,-115.94589418606031,42.34619903564453,0,
483,-275.54276572729043,27.264156341552734,0,
484,844.1015883949983,1040.8912353515625,0,
485,1457.4836875367914,4004.884521484375,0,
486,-131.1540640601211,34.86214065551758,0,
487,-389.2406493708728,37.138397216796875,0,
488,743.645234057806,1199.6134033203125,0,
489,667.9213446913411,1231.7530517578125,0,
490,1199.3628479913593,806.2794189453125,0,
491,-253.18199397528997,32.212547302246094,0,
492,912.3025584068623,1303.0933837890625,0,
493,566.305978198985,1216.383544921875,0,
494,-195.158677167861,33.88560104370117,0,
495,524.088977875276,867.8316650390625,0,
496,1068.1519414368975,214.9485321044922,0,
497,1260.256419968095,402.4366760253906,0,
498,1201.140972902052,712.677978515625,0,
499,500.6977920078434,1423.444580078125,0,
500,58.966886882925465,44.71952819824219,0,
501,1117.0965238106448,374.1065979003906,0,
502,-308.55906814086205,52.23344421386719,0,
503,1367.8625336901998,4002.72900390625,0,
504,1196.064632118012,2121.33740234375,0,
505,49.07567283346872,41.57194519042969,0,
506,884.080332377622,1575.4996337890625,0,
507,-40.79106097893067,43.51165008544922,0,
508,688.153729693749,915.0153198242188,0,
509,1192.4238186889256,1279.6558837890625,0,
510,1360.294695476006,2634.028076171875,0,
511,1447.1474629319307,2895.62841796875,0,
512,261.2467760955994,79.0347671508789,0,
513,938.9429095128877,1580.3399658203125,0,
514,-306.4547974260246,33.183372497558594,0,
515,165.8198781482668,62.351097106933594,0,
516,322.6404710514721,94.58070373535156,0,
517,343.04283309738247,89.56377410888672,0,
518,159.68013702077818,35.780704498291016,0,
519,1340.0126405248823,1443.6624755859375,0,
520,-354.7055987402146,50.04155349731445,0,
521,695.2976297770983,1309.19384765625,0,
522,-282.9670173384926,49.38263702392578,0,
523,1173.6978923746215,1141.575927734375,0,
524,1388.0998019916444,2323.38916015625,0,
525,-245.78959948279243,45.2327766418457,0,
526,-148.81146680794598,47.500301361083984,0,
527,337.2481243335658,86.04264068603516,0,
528,1170.510894242596,1419.09423828125,0,
529,566.5626831902288,86.87252807617188,0,
530,1498.9095764656345,1213.9119873046875,0,
531,350.19284897168615,53.453224182128906,0,
532,1295.2836274750796,1315.2940673828125,0,
533,70.99563108955232,51.54269027709961,0,
534,1511.989283590354,3332.215087890625,0,
535,439.9213384090644,74.50860595703125,0,
536,1439.7843381822022,1488.4781494140625,0,
537,289.16593549286216,79.91490173339844,0,
538,1478.3041946705075,1212.76708984375,0,
539,1401.2325463390814,1433.744873046875,0,
540,1274.2318112518708,569.180419921875,0,
541,30.022732142363566,48.19172286987305,0,
542,1418.8324097699456,2200.18115234375,0,
543,467.08887573509,63.59596633911133,0,
544,482.0359351962277,65.14322662353516,0,
545,362.15960219976347,114.66093444824219,0,
546,507.8006540261181,92.3322525024414,0,
547,1598.2849124069671,545.1869506835938,0,
548,405.45878126217127,64.92474365234375,0,
549,1256.4585549783167,1176.4588623046875,0,
550,419.8827787136907,68.23212432861328,0,
551,526.1073661308926,110.36151123046875,0,
552,1337.337916570059,1084.397705078125,0,
553,37.97286409910905,49.63426208496094,0,
554,574.7909769346255,77.4559097290039,0,
555,486.6144622161148,105.0531997680664,0,
556,566.9959334259731,127.5219955444336,0,
557,429.8578334330455,73.06178283691406,0,
558,176.59123500370467,54.3996696472168,0,
559,1576.119956330805,886.9555053710938,0,
560,1317.3393223040025,1541.30712890625,0,
561,481.2516892381384,71.86456298828125,0,
562,1251.8967250212145,919.9730224609375,0,
563,214.60738291443624,72.7441635131836,0,
564,1613.200161826848,1308.9705810546875,0,
565,1506.9166403425943,1406.291748046875,0,
566,1333.4511021439796,459.0767822265625,0,
567,387.2637162801944,98.8304214477539,0,
568,1443.0571143407242,1126.167236328125,0,
569,1467.9141206832694,1560.907470703125,0,
570,557.0663602173804,99.03202819824219,0,
571,341.37400033210923,89.48944091796875,0,
572,1516.6451179328333,1136.69873046875,0,
573,571.049827519613,78.48501586914062,0,
574,1545.3391720577763,1236.32421875,0,
575,1587.9157211737122,1580.251220703125,0,
576,469.6117790255556,112.24980163574219,0,
577,605.2889187822959,119.70213317871094,0,
578,413.7530403660505,103.62934875488281,0,
579,657.07190811675,143.76644897460938,0,
580,616.7862199092572,130.90097045898438,0,
581,269.7407888711348,74.24641418457031,0,
582,1401.239482553607,621.7935791015625,0,
583,485.7468643528661,107.65704345703125,0,
584,377.8072798877164,94.25894165039062,0,
585,527.3575110357365,120.70744323730469,0,
586,521.0469221826332,114.42145538330078,0,
587,591.9391188131905,98.64669799804688,0,
588,540.3935976535362,103.70399475097656,0,
589,1543.3758599554944,1742.16259765625,0,
590,630.9938769655498,115.43450164794922,0,
591,519.2446025884424,55.73917007446289,0,
592,1527.1591234301072,1334.071044921875,0,
593,321.4766131067922,80.99211120605469,0,
594,491.6336863321088,84.3836441040039,0,
595,1557.9945359526112,1682.27099609375,0,
596,471.6002809394384,82.614501953125,0,
597,1778.2581561857328,1326.3851318359375,0,
598,287.5104158026718,56.63136291503906,0,
599,489.28149946749915,120.21076202392578,0,
600,1430.0157660437387,1693.3668212890625,0,
601,590.989322750893,104.29235076904297,0,
602,1555.9967735718492,831.6803588867188,0,
603,449.97356810889926,71.86955261230469,0,
604,374.35572338387226,82.2670669555664,0,
605,653.2545022308761,80.71995544433594,0,
606,1528.350367689568,1816.8458251953125,0,
607,425.19357524291246,67.15864562988281,0,
608,383.83560859679096,69.95563507080078,0,
609,681.5427521435624,148.6124267578125,0,
610,1651.9066661260651,1396.78857421875,0,
611,168.71323596823828,50.28115463256836,0,
612,523.583110420925,110.92809295654297,0,
613,384.3747931795928,57.867008209228516,0,
614,364.83395182402654,53.48540115356445,0,
615,722.4279191795719,137.8682861328125,0,
616,244.02049327481288,62.52593231201172,0,
617,438.98934236333827,80.51268768310547,0,
618,509.1448436444532,86.25374603271484,0,
619,355.22992661134276,68.20658111572266,0,
620,1657.8562282649234,1395.7376708984375,0,
621,537.1776989578879,95.95806121826172,0,
622,435.69001104472767,82.58668518066406,0,
623,454.62155489230344,71.21892547607422,0,
624,1402.4459203879555,1552.20556640625,0,
625,436.50933237301723,71.41513061523438,0,
626,1734.7025609855637,1288.7066650390625,0,
627,1406.9419637012775,1338.075439453125,0,
628,1707.300933154235,1959.7105712890625,0,
629,765.9239869205826,122.06218719482422,0,
630,1627.8242977679272,1563.3861083984375,0,
631,1561.8787658405422,793.9253540039062,0,
632,1592.7513817257968,1923.6895751953125,0,
633,1500.415784104449,1274.335693359375,0,
634,1533.3156189294557,1387.2042236328125,0,
635,542.0279045675709,98.31770324707031,0,
636,476.15292012377915,71.71005249023438,0,
637,1498.8820669088086,1365.9566650390625,0,
638,335.54435537987695,59.882320404052734,0,
639,521.8200819006285,90.3658676147461,0,
640,518.5709946304136,70.5512466430664,0,
641,1439.418119171116,1500.034912109375,0,
642,555.3494422038984,105.81714630126953,0,
643,680.7666154818587,106.67935943603516,0,
644,538.3847240652667,91.91649627685547,0,
645,1380.2271041648844,1233.89990234375,0,
646,1490.044329430277,1380.0291748046875,0,
647,1527.3837320907792,1828.9443359375,0,
648,338.90272519283,85.83689880371094,0,
649,524.7236302940728,110.45500946044922,0,
650,1469.2056445777532,1321.850830078125,0,
651,1344.396136994908,843.242431640625,0,
652,1564.2155290710327,1674.1087646484375,0,
653,1516.2063275499572,1187.05908203125,0,
654,1696.9618432120544,535.2964477539062,0,
655,1779.3197080420955,997.9075317382812,0,
656,106.218489812676,43.322818756103516,0,
657,564.5378614549015,80.17741394042969,0,
658,520.2573005159448,90.21615600585938,0,
659,1755.6055091244395,610.7196044921875,0,
660,1545.1685325029246,1310.3936767578125,0,
661,556.0964802860832,116.03284454345703,0,
662,2032.9616586048778,895.2591552734375,0,
663,550.1955386870588,96.29385375976562,0,
664,1409.2979062050547,1422.8115234375,0,
665,660.2655334326233,105.09508514404297,0,
666,707.0444091006316,110.09162902832031,0,
667,1568.0272669150652,1793.4700927734375,0,
668,1808.6718340872444,2019.5263671875,0,
669,1474.7808943622344,1030.2525634765625,0,
670,1388.0015206461487,1494.27734375,0,
671,579.9658873485447,116.57401275634766,0,
672,1405.142859018621,1676.72509765625,0,
673,316.62847350593387,56.9742317199707,0,
674,1556.3207591854546,399.9895324707031,0,
675,433.9182919633891,74.58013153076172,0,
676,1520.1240011593143,1523.2899169921875,0,
677,1392.3938621182854,1274.215576171875,0,
678,650.4404837881881,125.08625793457031,0,
679,1571.8857104766096,1623.14453125,0,
680,715.5537492975538,114.70268249511719,0,
681,509.5554282604827,105.16813659667969,0,
682,1604.4598611733234,715.8328247070312,0,
683,1359.6492638043965,634.8955688476562,0,
684,230.44063622361128,64.10185241699219,0,
685,1634.401372444063,1227.263916015625,0,
686,1576.7592537252237,1744.257568359375,0,
687,1663.144541851451,1770.33740234375,0,
688,1479.5085175564718,1313.5889892578125,0,
689,1526.3100168349667,1100.27880859375,0,
690,1698.6039242883153,1391.64208984375,0,
691,1448.4962139368497,1322.8172607421875,0,
692,511.6724807532564,65.02669525146484,0,
693,1611.3009426249039,800.2582397460938,0,
694,1848.0381802598847,944.2045288085938,0,
695,1421.8244900218858,1318.3453369140625,0,
696,1342.0762924271892,1389.95458984375,0,
697,1385.8705170564867,959.7701416015625,0,
698,1300.5377582748483,569.7997436523438,0,
699,1569.1193811052674,1386.220458984375,0,
700,1134.3975467769408,290.97998046875,0,
701,539.0833608124007,58.29723358154297,0,
702,1420.7754672111157,171.3701934814453,0,
703,1522.8783937472654,523.844970703125,0,
704,1619.6506056093513,1869.97021484375,0,
705,1554.5851165670326,506.78887939453125,0,
706,1306.8664528050451,1410.5950927734375,0,
707,370.249182233246,47.53953170776367,0,
708,1496.2801067424152,1256.2684326171875,0,
709,563.7429790875152,99.5028076171875,0,
710,1280.5633707465988,236.84738159179688,0,
711,1498.4154094800633,707.660400390625,0,
712,1378.911747358766,1243.2835693359375,0,
713,1321.6180734664297,1338.6171875,0,
714,1410.0421561152966,685.1478881835938,0,
715,1135.3970807757835,1005.5345458984375,0,
716,537.0865508599799,79.9009017944336,0,
717,1360.6704134990125,1530.5155029296875,0,
718,1184.255647888138,317.1820983886719,0,
719,1329.2678094548164,830.6351318359375,0,
720,1307.5064249476527,1312.4454345703125,0,
721,825.1720990609936,137.84231567382812,0,
722,1356.072410723953,1338.8829345703125,0,
723,1432.8326313091695,1410.418701171875,0,
724,1342.4496633932788,771.0770874023438,0,
725,617.0930474409984,79.40147399902344,0,
726,1408.0665025871892,903.172607421875,0,
727,517.9649132554166,74.31005859375,0,
728,1423.1446916070402,1593.3057861328125,0,
729,1508.3937459967747,1581.2763671875,0,
730,409.5924735684937,84.39973449707031,0,
731,1290.7289884746833,713.7568969726562,0,
732,535.6258662863131,82.5556640625,0,
733,1431.2899358207221,1079.9708251953125,0,
734,1585.265387261608,1181.6802978515625,0,
735,1165.5920039958157,132.13157653808594,0,
736,1304.0515761528563,1063.7362060546875,0,
737,1449.8438048455714,1269.7542724609375,0,
738,622.942520710377,93.97348022460938,0,
739,1300.481691511716,482.3899230957031,0,
740,1350.046520054443,683.5451049804688,0,
741,294.432678962531,57.18138885498047,0,
742,450.5278474591179,54.6688232421875,0,
743,1364.7345835855679,134.29876708984375,0,
744,265.0787763791888,49.131595611572266,0,
745,1254.8624704661013,1271.7789306640625,0,
746,1467.367633273458,1241.0552978515625,0,
747,1509.183398405755,1395.5059814453125,0,
748,3033.3896815410476,2581.169677734375,1,34.76666666666598
749,1153.8457401289436,127.05049896240234,0,
750,1597.5886104107074,393.07391357421875,0,
751,547.9527036033029,95.7590103149414,0,
752,1590.8231832711288,1623.7432861328125,0,
753,1519.9282382061047,108.69329833984375,0,
754,1436.685041086766,321.8252258300781,0,
755,1386.1760304833915,160.13873291015625,0,
756,1353.6966357559852,965.6497802734375,0,
757,1249.2172741484756,692.0219116210938,0,
758,1277.2272776661903,1136.5689697265625,0,
759,1595.8323206435398,117.88888549804688,0,
760,1411.4259793198748,595.68603515625,0,
761,1588.8050842249793,1720.5062255859375,0,
762,1760.8271891449629,142.0980224609375,0,
763,1349.824639017226,171.07162475585938,0,
764,1182.2476322259386,1362.3760986328125,0,
765,1426.495168935088,1225.310791015625,0,
766,1536.6563310546617,101.27020263671875,0,
767,1266.0026655741797,909.65966796875,0,
768,1400.9220338701448,787.7225341796875,0,
769,1548.1465085141385,413.3052062988281,0,
770,1560.8952337404473,1364.2598876953125,0,
771,1494.3319490479048,989.0938110351562,0,
772,2699.0625790817403,1553.3631591796875,1,42.84999999999885
773,1316.0233803146132,273.50811767578125,0,
774,1554.7925811338328,610.76220703125,0,
775,1363.384664243544,1250.302490234375,0,
776,1409.9612046230402,169.03721618652344,0,
777,1595.7023074866543,135.66673278808594,0,
778,2149.103542003095,1190.736572265625,0,
779,1555.1527906490712,1441.70751953125,0,
780,515.1717320981506,93.10003662109375,0,
781,1315.7200119498586,607.9264526367188,0,
782,1302.0466197687515,99.63872528076172,0,
783,1325.398386209705,983.0869750976562,0,
784,1382.8339602038725,595.2730102539062,0,
785,1378.124715258826,380.868408203125,0,
786,1441.0376028414707,306.9379577636719,0,
787,579.3028105764618,92.91726684570312,0,
788,1216.900041409373,134.88015747070312,0,
789,2544.3516555832466,1438.579833984375,1,46.51666666666531
790,1751.4792730419995,1559.83740234375,0,
791,1466.180630093787,235.9626007080078,0,
792,635.5508015566722,81.32164764404297,0,
793,1527.746848738312,816.48876953125,0,
794,1558.7373462761402,1518.1925048828125,0,
795,1630.019175380712,1664.8782958984375,0,
796,2699.867595046621,1337.2127685546875,0,
797,1316.690884510337,994.507080078125,0,
798,2190.0903779844416,1069.150390625,0,
799,1743.3513839203442,1680.1090087890625,0,
800,1548.5915867156643,502.69384765625,0,
801,1315.2792350847944,89.8182601928711,0,
802,453.99248728453557,63.88896942138672,0,
803,1329.515901335023,105.79667663574219,0,
804,1576.6448859251918,1453.727783203125,0,
805,1539.8885267854475,158.18966674804688,0,
806,2872.066909989262,2399.87744140625,1,38.48333333333243
807,1405.9538248568394,818.2529907226562,0,
808,1556.3982639504077,1308.69189453125,0,
809,1435.0443300225102,567.966796875,0,
810,1727.094592968418,1838.9893798828125,0,
811,2348.8493161313495,1576.2169189453125,0,
812,1954.9988284188917,1226.5546875,0,
813,1699.308798558776,1110.719482421875,0,
814,1334.1443176181376,277.0664367675781,0,
815,1530.4214964561968,1406.4510498046875,0,
816,439.6571518086105,59.1553840637207,0,
817,1599.4040327669784,1412.249267578125,0,
818,1349.6370426735393,230.10292053222656,0,
819,423.376444481916,68.79679107666016,0,
820,1321.8665911106764,642.5517578125,0,
821,2314.394055229386,2320.0546875,0,
822,2272.3978716594097,1027.9814453125,0,
823,2476.4297457612797,2418.278564453125,0,
824,1486.5401330517295,505.8242492675781,0,
825,1538.113307265669,968.853759765625,0,
826,1541.2394572511307,1328.8470458984375,0,
827,1434.3868566342996,592.3539428710938,0,
828,293.25900926746743,59.79948806762695,0,
829,1398.2822435696694,1696.1783447265625,0,
830,1352.3374565404404,1457.7822265625,0,
831,1417.5008009762028,1111.48876953125,0,
832,1413.6697592858222,371.54180908203125,0,
833,1635.4104847468345,1134.4569091796875,0,
834,1354.8701536319313,993.728271484375,0,
835,1448.798564475238,1421.4149169921875,0,
836,879.1966757219332,127.99219512939453,0,
837,2287.8226965075046,1257.552490234375,0,
838,502.374657477678,76.35672760009766,0,
839,1545.4984050108797,1177.3831787109375,0,
840,1704.5198689695605,1555.0408935546875,0,
841,1606.466278953501,177.28765869140625,0,
842,1321.3571889155828,113.69822692871094,0,
843,1716.792747771778,1226.7291259765625,0,
844,524.0231926242254,83.75018310546875,0,
845,1522.807841864781,340.2101745605469,0,
846,2316.9660877058527,1337.9189453125,0,
847,1490.835393963265,629.9605102539062,0,
848,1357.9692572077233,1659.952392578125,0,
849,1548.8932462108846,1364.7642822265625,0,
850,1316.257047999968,1269.5965576171875,0,
851,1389.566962348223,762.6304321289062,0,
852,1559.5459684589541,1563.107177734375,0,
853,1339.0781630989613,449.4881286621094,0,
854,1746.747184893212,1204.6363525390625,0,
855,1805.4726424494231,1701.977294921875,0,
856,1698.7092881856036,1421.397216796875,0,
857,456.8730053848648,82.69649505615234,0,
858,1561.1778306124481,1421.9495849609375,0,
859,1625.1847916973993,1758.29443359375,0,
860,1418.7750428925262,221.8777618408203,0,
861,2753.537069713764,2268.275634765625,1,38.74999999999908
862,1602.5620104187713,294.61590576171875,0,
863,1437.9872870318368,1101.2579345703125,0,
864,1449.8603283812736,112.91065216064453,0,
865,1566.6203578428099,227.93699645996094,0,
866,1306.157212476993,1277.4100341796875,0,
867,1756.5368289403148,1385.2943115234375,0,
868,401.5363257676119,49.147186279296875,0,
869,2974.221126925954,2246.302001953125,1,37.48333333333249
870,1253.1896842175706,214.00650024414062,0,
871,1705.5230357377486,479.357421875,0,
872,1471.1929771897724,690.3060913085938,0,
873,1613.3834019087353,1254.22265625,0,
874,1478.5875694019276,127.9074478149414,0,
875,1796.3690124846214,123.4969711303711,0,
876,1356.0901279713225,1066.5587158203125,0,
877,1584.5220003923298,373.0871276855469,0,
878,750.1752338981358,109.14057922363281,0,
879,1379.0243075861363,1252.482177734375,0,
880,529.7071603822972,74.87234497070312,0,
881,669.3641045200445,103.12946319580078,0,
882,1558.5274042243555,295.5963439941406,0,
883,2208.476470039939,1431.8677978515625,0,
884,1703.0840848305477,1667.4725341796875,0,
885,1262.0807209622978,181.84243774414062,0,
886,1518.3218791930526,478.2037048339844,0,
887,1785.5255802659394,887.4374389648438,0,
888,1531.40867316985,1422.0057373046875,0,
889,1298.219910913243,909.0653076171875,0,
890,2766.6712182318047,2077.18798828125,1,40.23333333333233
891,291.1723646957006,47.289669036865234,0,
892,1654.186031783283,1465.9656982421875,0,
893,1682.9136730846838,199.13194274902344,0,
894,1421.8181894335753,188.4322052001953,0,
895,447.49023221296784,60.41004180908203,0,
896,1306.3093163923627,1117.4385986328125,0,
897,1577.3442192311427,606.643310546875,0,
898,327.6423588372815,50.04651641845703,0,
899,1356.7113161172617,286.4802551269531,0,
900,1518.1870067765578,1329.864013671875,0,
901,1867.2238733670242,358.4186706542969,0,
902,1560.798314136434,578.0892944335938,0,
903,1402.281875307897,311.66156005859375,0,
904,1313.3305901595004,460.77618408203125,0,
905,495.8424205301048,78.51403045654297,0,
906,1479.608394995561,601.8339233398438,0,
907,1410.9250500266958,831.6197509765625,0,
908,1540.9692375385887,202.21177673339844,0,
909,2109.5151610849075,1087.6273193359375,0,
910,1867.0542311195984,196.68325805664062,0,
911,1539.627710186382,460.0994567871094,0,
912,1417.47817734791,1162.4537353515625,0,
913,1282.6374793171644,1361.3695068359375,0,
914,1330.9419094174143,125.60568237304688,0,
915,1608.1275305766314,135.739501953125,0,
916,1344.7099423331158,1381.8751220703125,0,
917,1669.407972856983,1447.7757568359375,0,
918,1060.3156479909676,64.72245788574219,0,
919,1779.3142698385816,1714.51025390625,0,
920,550.2179027319622,81.58326721191406,0,
921,1589.3294608403467,842.1065673828125,0,
922,1430.2372713830655,131.7301788330078,0,
923,1454.6574647826708,369.0635986328125,0,
924,1295.3680187829066,1323.723876953125,0,
925,1409.4049335501957,172.16998291015625,0,
926,823.4562698350879,46.384429931640625,0,
927,1679.721547682356,1732.330810546875,0,
928,1375.7337824093136,170.52969360351562,0,
929,2238.625200244838,1093.7440185546875,0,
930,786.9426168796514,114.57538604736328,0,
931,1407.6042921318635,266.52728271484375,0,
932,1785.0421464018543,890.9102783203125,0,
933,1043.2052759861294,60.72380065917969,0,
934,2808.558583914335,1622.7794189453125,1,44.01666666666545
935,2035.896735143732,502.1591491699219,0,
936,1555.220346769555,103.06779479980469,0,
937,1505.665132712409,332.40728759765625,0,
938,1556.0046511243977,459.9698486328125,0,
939,383.0125462921265,56.5498046875,0,
940,1365.7834910137003,185.7597198486328,0,
941,1729.8282816234548,435.7825012207031,0,
942,688.674321083641,109.55523681640625,0,
943,1567.0712259673635,1529.580078125,0,
944,1628.6980386343926,122.79432678222656,0,
945,1549.568769295922,416.93280029296875,0,
946,1669.4859851415004,169.9625244140625,0,
947,1245.556543217887,117.85185241699219,0,
948,1265.5816694018856,73.37318420410156,0,
949,1400.4277696585314,198.25054931640625,0,
950,344.9474201912212,55.63469696044922,0,
951,1333.3537352878398,533.0263671875,0,
952,1371.7043587472783,1251.2628173828125,0,
953,1402.6777790978015,264.6925964355469,0,
954,1570.253957349598,574.9899291992188,0,
955,1346.6409977796138,94.63388061523438,0,
956,2850.8085489411915,2371.532470703125,1,38.14999999999912
957,1586.3616872998202,1749.747314453125,0,
958,1434.2965205594492,210.49398803710938,0,
959,1884.6514779197269,279.4237976074219,0,
960,1378.8985431454162,1026.229248046875,0,
961,1210.2794569138864,208.50120544433594,0,
962,1461.5410597759076,454.0313415527344,0,
963,1852.6644536011959,661.7571411132812,0,
964,892.9961030980656,40.56233215332031,0,
965,1583.7624118761553,683.4622192382812,0,
966,1298.183653371438,73.78453826904297,0,
967,1340.4723299532304,1221.563720703125,0,
968,1110.4195891457323,77.36089324951172,0,
969,1750.5365435264366,775.2116088867188,0,
970,2118.4660409923085,130.1154022216797,0,
971,1486.8213837654976,1205.8897705078125,0,
972,1601.4270589777261,1160.786865234375,0,
973,1811.6926679149108,959.9224853515625,0,
974,2049.690610014074,444.6468200683594,0,
975,1636.0142922511325,1639.279052734375,0,
976,1594.2199213354297,581.2228393554688,0,
977,1684.3187519322225,680.4994506835938,0,
978,1478.671311393567,262.3785705566406,0,
979,2689.893250233944,1582.2540283203125,1,43.31666666666549
980,2316.782933008353,1568.856689453125,0,
981,1642.8562026896057,562.5422973632812,0,
982,2159.977476936763,1303.7864990234375,0,
983,1664.879261325106,108.53494262695312,0,
984,1392.341890903529,93.74578094482422,0,
985,1406.7044641939688,1306.5963134765625,0,
986,1494.0054483800166,206.9139404296875,0,
987,628.5836459029357,111.09527587890625,0,
988,1019.2829115726901,61.28121566772461,0,
989,1647.184674561611,1449.164306640625,0,
990,1359.4527868496707,696.0277709960938,0,
991,1316.3218766226407,83.77252960205078,0,
992,921.7499024189245,49.317535400390625,0,
993,1572.4080144530258,397.78009033203125,0,
994,1711.0951745597383,271.4674072265625,0,
995,1575.2995149166259,653.2496948242188,0,
996,1452.6586518190886,271.0943298339844,0,
997,1370.7549217634667,123.53535461425781,0,
998,1260.9423424353336,233.13491821289062,0,
999,1609.0712572828916,131.4522705078125,0,
1000,1580.5552823197015,417.4381408691406,0,
